1680123600000,92.10000000,92.15000000,91.53000000,91.54000000,9956.32600000,1680127199999,915314.46283000,2927,4663.34100000,428769.74914000,0
1680127200000,91.54000000,91.67000000,90.93000000,91.32000000,30625.99000000,1680130799999,2794348.24268000,5896,14717.94500000,1342799.87890000,0
1680130800000,91.31000000,91.75000000,91.15000000,91.31000000,9983.32800000,1680134399999,913218.23720000,2604,5461.45600000,499714.86178000,0
1680134400000,91.31000000,91.54000000,90.10000000,90.37000000,17975.56500000,1680137999999,1632608.35247000,5090,7989.87400000,726155.24374000,0
1680138000000,90.34000000,90.53000000,89.18000000,89.93000000,39552.79500000,1680141599999,3548688.79664000,9987,17125.98500000,1536590.61644000,0
1680141600000,89.93000000,93.34000000,89.80000000,92.54000000,90193.18800000,1680145199999,8307381.16584000,19361,47147.70500000,4338925.59651000,0
1680145200000,92.54000000,92.54000000,88.30000000,90.03000000,107553.04400000,1680148799999,9683090.53719000,27356,48164.03600000,4334422.98972000,0
1680148800000,90.03000000,90.65000000,89.72000000,90.34000000,26372.94700000,1680152399999,2380438.75924000,5330,13159.61300000,1188295.74269000,0
1680152400000,90.34000000,90.48000000,89.89000000,90.45000000,15334.27500000,1680155999999,1381909.34658000,3708,6709.12300000,604599.82834000,0
1680156000000,90.44000000,90.72000000,89.87000000,90.30000000,22919.22500000,1680159599999,2067693.46030000,4973,9590.72100000,865238.11855000,0
1680159600000,90.30000000,90.93000000,89.97000000,90.64000000,24212.75200000,1680163199999,2194151.56779000,5447,13372.22700000,1211585.71323000,0
1680163200000,90.63000000,90.80000000,90.00000000,90.02000000,23698.99400000,1680166799999,2143542.79902000,4387,9260.59400000,837683.09986000,0
1680166800000,90.01000000,90.26000000,89.52000000,90.06000000,27893.45300000,1680170399999,2508866.72271000,5790,16195.87400000,1456554.94025000,0
1680170400000,90.06000000,90.25000000,89.83000000,90.23000000,12442.55700000,1680173999999,1120619.88117000,3273,6875.77300000,619324.16637000,0
1680174000000,90.22000000,90.37000000,90.03000000,90.04000000,20256.08600000,1680177599999,1827563.29338000,3806,6921.78800000,624406.91631000,0
1680177600000,90.05000000,90.19000000,89.72000000,90.10000000,20306.84400000,1680181199999,1827666.43484000,4354,10113.54300000,910247.76297000,0
1680181200000,90.10000000,90.22000000,89.68000000,89.75000000,31553.70800000,1680184799999,2840315.75627000,5869,12263.88700000,1104076.51706000,0
1680184800000,89.77000000,89.79000000,88.87000000,89.54000000,42628.63100000,1680188399999,3809048.31940000,10445,19443.86300000,1737297.03799000,0
1680188400000,89.54000000,89.80000000,88.90000000,89.15000000,26339.61200000,1680191999999,2350959.79216000,7084,10739.60600000,958805.79394000,0
1680192000000,89.16000000,89.16000000,88.31000000,89.05000000,37228.20500000,1680195599999,3305451.11277000,9901,17423.36500000,1547189.29334000,0
1680195600000,89.04000000,89.24000000,86.66000000,87.23000000,65973.98000000,1680199199999,5791312.10729000,17803,26588.96200000,2334174.41998000,0
1680199200000,87.22000000,88.05000000,87.04000000,88.00000000,23609.27900000,1680202799999,2065028.10815000,7736,10345.61400000,905025.04905000,0
1680202800000,88.00000000,88.59000000,87.90000000,88.33000000,20080.10600000,1680206399999,1771132.16559000,5556,7727.34500000,681465.28025000,0
1680206400000,88.33000000,89.52000000,88.19000000,89.48000000,23255.27800000,1680209999999,2067565.27346000,5633,11581.08500000,1029855.41760000,0
1680210000000,89.49000000,89.56000000,88.81000000,89.01000000,10595.43000000,1680213599999,944028.73106000,3450,3938.85400000,350945.46530000,0
1680213600000,89.01000000,89.25000000,88.28000000,88.55000000,10997.43800000,1680217199999,977026.57374000,3320,4293.17200000,381276.27862000,0
1680217200000,88.55000000,89.13000000,88.40000000,89.06000000,10326.71800000,1680220799999,917111.22843000,2804,5490.97900000,487648.97813000,0
1680220800000,89.06000000,89.54000000,88.48000000,89.28000000,20395.10700000,1680224399999,1816002.13191000,4651,9229.54100000,822484.70965000,0
1680224400000,89.28000000,90.08000000,89.23000000,89.40000000,21607.08700000,1680227999999,1937657.89194000,5360,10504.26600000,942046.52972000,0
1680228000000,89.39000000,89.88000000,89.18000000,89.57000000,23284.39500000,1680231599999,2084566.14254000,4197,10691.14000000,957321.65918000,0
1680231600000,89.57000000,89.84000000,89.36000000,89.76000000,9907.97800000,1680235199999,888392.63984000,2403,4344.21600000,389575.47121000,0
1680235200000,89.76000000,90.12000000,89.62000000,90.05000000,10379.53600000,1680238799999,932242.29872000,2532,5117.44800000,459763.97815000,0
1680238800000,90.06000000,90.26000000,89.16000000,89.46000000,14793.64400000,1680242399999,1327897.39481000,3932,6638.56300000,595937.99206000,0
1680242400000,89.46000000,89.57000000,89.06000000,89.08000000,17326.48300000,1680245999999,1547419.34696000,3420,7495.45300000,669400.17256000,0
1680246000000,89.09000000,89.21000000,87.23000000,88.17000000,76073.15000000,1680249599999,6713996.65212000,14144,38834.42600000,3427237.61191000,0
1680249600000,88.14000000,88.48000000,87.97000000,88.13000000,39091.69800000,1680253199999,3445757.82066000,8867,16181.29100000,1426534.50924000,0
1680253200000,88.13000000,88.34000000,87.76000000,88.06000000,18725.84500000,1680256799999,1648168.45327000,4159,10082.68700000,887594.77510000,0
1680256800000,88.06000000,88.61000000,88.00000000,88.17000000,13168.21400000,1680260399999,1162927.29304000,3277,7213.52000000,637062.98769000,0
1680260400000,88.17000000,88.52000000,88.01000000,88.33000000,10972.03400000,1680263999999,968132.10743000,2919,5817.56600000,513444.56485000,0
1680264000000,88.33000000,89.48000000,88.16000000,89.15000000,34806.86300000,1680267599999,3092338.60722000,7661,18340.46200000,1628909.81037000,0
1680267600000,89.15000000,90.15000000,88.82000000,89.71000000,32507.38400000,1680271199999,2914048.17144000,7793,16741.56600000,1501296.01006000,0
1680271200000,89.70000000,90.27000000,89.57000000,89.84000000,33550.05300000,1680274799999,3019225.64151000,7134,16810.37600000,1513123.17741000,0
1680274800000,89.85000000,90.18000000,89.14000000,89.56000000,25889.57100000,1680278399999,2317306.76330000,5906,12793.82700000,1145181.23242000,0
1680278400000,89.56000000,89.61000000,88.88000000,89.33000000,14611.76700000,1680281999999,1304073.40216000,4198,8268.89400000,738031.93218000,0
1680282000000,89.33000000,89.47000000,88.98000000,89.14000000,11207.88100000,1680285599999,999622.68277000,3364,4696.29700000,419015.78324000,0
1680285600000,89.15000000,89.37000000,88.99000000,89.18000000,8558.52200000,1680289199999,763064.00936000,2745,4085.15200000,364298.30695000,0
1680289200000,89.17000000,89.81000000,89.09000000,89.75000000,14037.45400000,1680292799999,1255596.00406000,3539,6459.22500000,577885.45105000,0
1680292800000,89.79000000,89.81000000,89.37000000,89.59000000,8512.72200000,1680296399999,762879.80356000,2698,3787.45700000,339430.57723000,0
1680296400000,89.59000000,90.03000000,89.47000000,89.88000000,10882.18600000,1680299999999,977210.64700000,3030,5695.19800000,511511.38368000,0
1680300000000,89.87000000,90.21000000,89.63000000,90.02000000,10644.19800000,1680303599999,957453.21721000,3026,5756.48800000,517771.29165000,0
1680303600000,90.03000000,90.09000000,89.51000000,89.57000000,8852.67900000,1680307199999,794709.63364000,2353,2977.33400000,267340.47804000,0
1680307200000,89.56000000,89.93000000,89.38000000,89.58000000,12351.01200000,1680310799999,1106650.25083000,3181,5523.79400000,494825.66882000,0
1680310800000,89.57000000,92.61000000,89.34000000,92.46000000,61185.69400000,1680314399999,5588175.34130000,16458,33348.03900000,3049810.56445000,0
1680314400000,92.45000000,94.22000000,91.35000000,93.61000000,98792.93700000,1680317999999,9163792.59258000,22012,54123.29400000,5027014.52406000,0
1680318000000,93.61000000,93.67000000,92.80000000,93.31000000,54614.44900000,1680321599999,5087059.87104000,10755,25557.09700000,2380785.29586000,0
1680321600000,93.30000000,93.49000000,92.48000000,93.41000000,30303.42500000,1680325199999,2817540.83211000,6674,13366.65300000,1243079.16915000,0
1680325200000,93.43000000,93.63000000,92.81000000,92.90000000,24180.89400000,1680328799999,2251778.49596000,5068,10336.12400000,962320.43932000,0
1680328800000,92.91000000,93.84000000,92.18000000,93.50000000,51369.04100000,1680332399999,4780609.07994000,11795,28477.13400000,2651229.38197000,0
1680332400000,93.48000000,93.91000000,92.78000000,93.47000000,32080.67800000,1680335999999,2993530.71587000,8626,16087.08100000,1500988.53527000,0
1680336000000,93.47000000,93.74000000,92.98000000,93.05000000,21023.18200000,1680339599999,1963357.46706000,5896,10614.00800000,991408.13765000,0
1680339600000,93.04000000,93.64000000,92.86000000,93.24000000,24093.88700000,1680343199999,2246113.89122000,5221,11999.22200000,1118641.60312000,0
1680343200000,93.24000000,93.36000000,92.78000000,93.24000000,22520.24300000,1680346799999,2094732.66877000,5216,10094.06300000,939007.27583000,0
1680346800000,93.23000000,93.45000000,92.90000000,93.30000000,17926.38400000,1680350399999,1671010.15980000,4736,8132.91500000,758496.98460000,0
1680350400000,93.30000000,94.32000000,92.98000000,93.39000000,52688.22000000,1680353999999,4932250.54135000,11440,27802.29900000,2603385.14256000,0
1680354000000,93.39000000,93.81000000,93.25000000,93.51000000,17242.86000000,1680357599999,1613447.81961000,4651,7914.19600000,740541.60365000,0
1680357600000,93.52000000,93.57000000,92.58000000,92.90000000,29799.79400000,1680361199999,2772491.52908000,7082,12419.45300000,1155273.43841000,0
1680361200000,92.90000000,93.34000000,92.70000000,92.92000000,25252.30300000,1680364799999,2349500.61303000,5099,12908.73900000,1201060.62048000,0
1680364800000,92.92000000,93.18000000,91.75000000,91.98000000,30341.90200000,1680368399999,2803346.93298000,8081,13530.86400000,1251056.10019000,0
1680368400000,91.98000000,92.51000000,91.91000000,92.41000000,12572.21600000,1680371999999,1159703.78751000,3782,6755.55800000,623161.10233000,0
1680372000000,92.40000000,92.55000000,92.23000000,92.50000000,9493.52700000,1680375599999,877463.18664000,3256,5340.26500000,493599.74532000,0
1680375600000,92.50000000,92.57000000,92.05000000,92.44000000,12213.64700000,1680379199999,1127296.42084000,3389,7062.84300000,651839.27951000,0
1680379200000,92.44000000,92.83000000,92.21000000,92.22000000,12507.95800000,1680382799999,1157075.51082000,3665,6956.85000000,643617.55292000,0
1680382800000,92.21000000,92.66000000,92.08000000,92.62000000,9888.86100000,1680386399999,913375.45457000,2522,4363.66000000,403057.91131000,0
1680386400000,92.61000000,93.02000000,92.49000000,92.93000000,9125.26000000,1680389999999,846526.33731000,2538,4356.94300000,404221.57817000,0
1680390000000,92.93000000,93.13000000,92.52000000,92.57000000,15762.87400000,1680393599999,1462318.35403000,2713,4648.42100000,431571.45796000,0
1680393600000,92.57000000,92.99000000,92.50000000,92.50000000,14089.11600000,1680397199999,1306732.16237000,3442,7673.50700000,711846.34055000,0
1680397200000,92.50000000,93.99000000,92.32000000,93.03000000,35461.30200000,1680400799999,3308712.39667000,7397,17451.41800000,1629350.25532000,0
1680400800000,93.02000000,93.35000000,92.47000000,92.47000000,22674.59600000,1680404399999,2107326.21320000,4143,9035.45400000,839987.47828000,0
1680404400000,92.47000000,92.80000000,92.31000000,92.56000000,14501.62400000,1680407999999,1341614.19240000,2988,7555.40500000,698811.33172000,0
1680408000000,92.56000000,92.73000000,92.38000000,92.55000000,9697.87200000,1680411599999,897656.05545000,2515,3769.17400000,348839.09407000,0
1680411600000,92.54000000,92.88000000,92.42000000,92.85000000,7249.20600000,1680415199999,671407.47028000,2123,2928.48600000,271303.08730000,0
1680415200000,92.82000000,93.72000000,92.72000000,93.67000000,19456.71800000,1680418799999,1814852.88424000,5024,11153.95500000,1040538.69507000,0
1680418800000,93.67000000,94.55000000,93.45000000,94.20000000,67773.28400000,1680422399999,6379077.60929000,14256,36518.99900000,3437837.02358000,0
1680422400000,94.21000000,94.25000000,93.23000000,93.33000000,25482.10000000,1680425999999,2390809.93253000,5395,11370.85700000,1067480.96101000,0
1680426000000,93.34000000,94.00000000,93.33000000,93.78000000,13476.63100000,1680429599999,1262955.59795000,3614,7639.90600000,715962.32838000,0
1680429600000,93.77000000,93.81000000,93.44000000,93.55000000,11939.02100000,1680433199999,1117712.46750000,3227,5805.74500000,543555.77033000,0
1680433200000,93.55000000,94.14000000,93.34000000,93.59000000,14885.89500000,1680436799999,1395203.73348000,3590,7753.47700000,726800.46606000,0
1680436800000,93.59000000,93.86000000,93.20000000,93.55000000,13741.74700000,1680440399999,1284671.45924000,4031,5946.02900000,555966.23032000,0
1680440400000,93.55000000,94.58000000,92.78000000,93.92000000,49312.23700000,1680443999999,4628975.13135000,13296,25304.76400000,2375685.29828000,0
1680444000000,93.93000000,94.52000000,93.54000000,93.54000000,35177.40600000,1680447599999,3309331.14966000,6874,15476.07600000,1457237.97208000,0
1680447600000,93.53000000,93.53000000,91.11000000,92.53000000,73579.90200000,1680451199999,6782195.15352000,19291,32266.90100000,2974461.03124000,0
1680451200000,92.52000000,93.18000000,91.80000000,92.67000000,56080.12500000,1680454799999,5188845.64982000,11468,29584.13400000,2738416.14429000,0
1680454800000,92.68000000,92.89000000,92.20000000,92.46000000,29129.27100000,1680458399999,2695449.43309000,5255,13907.25300000,1287356.89667000,0
1680458400000,92.46000000,92.61000000,91.72000000,91.87000000,20026.88600000,1680461999999,1845182.01039000,4310,7735.13300000,712425.76694000,0
1680462000000,91.87000000,92.01000000,90.36000000,90.89000000,30091.36300000,1680465599999,2741530.93546000,8567,15776.87700000,1437640.97794000,0
1680465600000,90.88000000,91.51000000,90.58000000,91.47000000,19034.68000000,1680469199999,1729583.71419000,4326,8291.64400000,753868.33843000,0
1680469200000,91.47000000,91.94000000,91.38000000,91.66000000,10023.57500000,1680472799999,918566.15582000,3721,4242.02300000,388911.03116000,0
1680472800000,91.66000000,93.00000000,90.98000000,92.82000000,31897.51500000,1680476399999,2933021.56631000,8509,17074.81200000,1572045.59256000,0
1680476400000,92.84000000,93.27000000,92.60000000,92.77000000,16446.55900000,1680479999999,1529408.66456000,5462,8625.96200000,802181.35396000,0
1680480000000,92.77000000,93.27000000,92.24000000,93.11000000,19285.94000000,1680483599999,1791114.16913000,4984,10464.14400000,972370.75155000,0
1680483600000,93.11000000,93.50000000,90.40000000,91.02000000,52128.28900000,1680487199999,4782340.29452000,15665,22970.36200000,2109237.25542000,0
1680487200000,91.01000000,91.94000000,90.79000000,91.31000000,33735.06100000,1680490799999,3085606.86785000,7363,17539.88600000,1604093.63551000,0
1680490800000,91.34000000,91.75000000,90.90000000,90.95000000,22510.39200000,1680494399999,2055286.93212000,4902,7945.34000000,725638.14453000,0
1680494400000,90.94000000,91.30000000,90.65000000,91.16000000,15952.82200000,1680497999999,1451094.12514000,3906,7787.09600000,708539.23030000,0
1680498000000,91.16000000,91.49000000,90.75000000,90.99000000,16708.25500000,1680501599999,1523077.17978000,3869,8124.54400000,741049.91187000,0
1680501600000,90.99000000,91.34000000,90.79000000,91.33000000,20297.86000000,1680505199999,1846972.32893000,3599,10106.28800000,920191.84190000,0
1680505200000,91.31000000,91.88000000,91.18000000,91.76000000,16891.75900000,1680508799999,1546782.29468000,4511,9882.92400000,905063.49996000,0
1680508800000,91.77000000,93.37000000,91.71000000,93.14000000,47327.72000000,1680512399999,4387168.48203000,12033,25707.51400000,2381457.18669000,0
1680512400000,93.15000000,93.29000000,92.56000000,92.61000000,22777.04500000,1680515999999,2115576.68266000,5041,11419.97600000,1060653.87098000,0
1680516000000,92.62000000,93.09000000,92.35000000,92.38000000,20380.74400000,1680519599999,1890300.63763000,4734,9066.01100000,840929.67706000,0
1680519600000,92.39000000,92.62000000,92.02000000,92.61000000,17193.37900000,1680523199999,1587819.31045000,4665,8107.46300000,748942.00248000,0
1680523200000,92.59000000,93.09000000,92.19000000,92.86000000,24325.37500000,1680526799999,2253594.36746000,6105,13574.08000000,1257943.23275000,0
1680526800000,92.85000000,93.35000000,92.47000000,92.52000000,28648.52600000,1680530399999,2660533.14621000,6828,15188.08400000,1411169.49658000,0
1680530400000,92.51000000,92.78000000,91.53000000,91.59000000,33943.81700000,1680533999999,3127773.25739000,8520,14301.90900000,1317196.50594000,0
1680534000000,91.60000000,92.15000000,91.14000000,91.92000000,24959.05500000,1680537599999,2287747.48520000,7305,15010.73600000,1376290.37996000,0
1680537600000,91.93000000,92.16000000,91.71000000,91.73000000,13245.38900000,1680541199999,1217148.44643000,4707,6883.17300000,632497.57367000,0
1680541200000,91.74000000,92.35000000,91.51000000,92.00000000,22105.17400000,1680544799999,2031311.57953000,5941,11206.54000000,1029919.47602000,0
1680544800000,91.99000000,94.54000000,91.33000000,93.97000000,90906.18400000,1680548399999,8464230.88019000,22921,50598.33800000,4712637.39220000,0
1680548400000,93.97000000,95.90000000,93.42000000,93.43000000,125768.07500000,1680551999999,11914301.91292000,29768,68395.76300000,6480752.03868000,0
1680552000000,93.43000000,93.57000000,90.41000000,91.54000000,115822.16000000,1680555599999,10592247.25704000,26649,52562.47800000,4808295.92412000,0
1680555600000,91.54000000,92.17000000,89.51000000,92.15000000,57476.66400000,1680559199999,5228814.92331000,13600,27654.95900000,2519886.96050000,0
1680559200000,92.14000000,93.19000000,91.78000000,93.14000000,38734.46300000,1680562799999,3590436.23649000,9655,21382.08700000,1981509.15652000,0
1680562800000,93.14000000,93.60000000,92.80000000,92.97000000,28129.84100000,1680566399999,2623027.67589000,7104,14109.22200000,1315715.35314000,0
1680566400000,92.97000000,93.55000000,92.08000000,92.31000000,36112.03900000,1680569999999,3347249.20364000,7677,19153.62800000,1775231.90253000,0
1680570000000,92.31000000,92.75000000,92.01000000,92.42000000,20384.41700000,1680573599999,1882322.22779000,4911,10697.39100000,987976.35708000,0
1680573600000,92.41000000,92.82000000,92.15000000,92.30000000,13837.13100000,1680577199999,1279813.44404000,3953,7005.55000000,648060.36811000,0
1680577200000,92.30000000,92.63000000,92.21000000,92.25000000,10939.01700000,1680580799999,1010803.73308000,2797,5020.42700000,464015.79523000,0
1680580800000,92.25000000,92.32000000,91.57000000,91.65000000,20055.70500000,1680584399999,1842377.42902000,4469,7357.75900000,675537.64363000,0
1680584400000,91.66000000,92.27000000,91.63000000,92.17000000,19894.39500000,1680587999999,1832124.20603000,3895,9691.89700000,892398.70314000,0
1680588000000,92.16000000,92.74000000,91.94000000,92.55000000,19638.62000000,1680591599999,1813017.24963000,5034,9197.97200000,849182.53144000,0
1680591600000,92.56000000,92.77000000,92.00000000,92.10000000,13270.55000000,1680595199999,1224475.71302000,3986,4993.05500000,460829.74790000,0
1680595200000,92.09000000,92.70000000,91.77000000,92.61000000,18988.14700000,1680598799999,1751069.41681000,4764,10972.08600000,1012564.52329000,0
1680598800000,92.60000000,93.00000000,92.33000000,92.94000000,20055.41000000,1680602399999,1857442.92311000,4770,11711.53500000,1084722.62392000,0
1680602400000,92.92000000,93.35000000,92.65000000,92.91000000,31081.34300000,1680605999999,2892105.66351000,7193,14641.93800000,1362825.51574000,0
1680606000000,92.91000000,94.12000000,92.87000000,93.65000000,49245.22900000,1680609599999,4611499.26522000,12885,24632.53800000,2307256.58594000,0
1680609600000,93.65000000,94.05000000,93.22000000,93.79000000,28554.23100000,1680613199999,2676433.82888000,7646,15210.22500000,1426089.64845000,0
1680613200000,93.80000000,94.02000000,92.96000000,93.28000000,31588.46600000,1680616799999,2951369.48566000,8668,13461.99700000,1257864.22886000,0
1680616800000,93.28000000,93.73000000,93.03000000,93.03000000,26180.52400000,1680620399999,2444760.98620000,7782,13721.31000000,1281343.52960000,0
1680620400000,93.03000000,93.15000000,92.27000000,92.67000000,30300.04400000,1680623999999,2808579.16371000,8939,13508.71500000,1251954.75954000,0
1680624000000,92.68000000,92.99000000,92.49000000,92.92000000,12985.75300000,1680627599999,1203951.56387000,3549,6036.63200000,559659.05927000,0
1680627600000,92.92000000,93.36000000,92.87000000,93.03000000,13914.93800000,1680631199999,1295052.69998000,4075,7987.41800000,743419.53405000,0
1680631200000,93.03000000,93.08000000,92.53000000,92.62000000,15743.01500000,1680634799999,1461964.45335000,3577,5877.41100000,545833.10226000,0
1680634800000,92.62000000,92.92000000,92.55000000,92.83000000,14412.98800000,1680638399999,1336501.89170000,3318,6724.65700000,623603.57224000,0
1680638400000,92.83000000,93.31000000,92.75000000,93.14000000,9995.46700000,1680641999999,929819.46375000,3317,5439.68900000,505984.55343000,0
1680642000000,93.15000000,93.19000000,92.60000000,92.75000000,12381.95600000,1680645599999,1150697.41974000,3226,7484.47600000,695879.27474000,0
1680645600000,92.75000000,92.93000000,92.61000000,92.63000000,10930.57900000,1680649199999,1013477.74530000,2737,5049.12700000,468142.30196000,0
1680649200000,92.65000000,92.74000000,92.00000000,92.58000000,24881.35600000,1680652799999,2297341.90629000,6314,10433.10800000,963609.02350000,0
1680652800000,92.57000000,93.84000000,91.83000000,93.75000000,50551.12700000,1680656399999,4689503.74338000,11495,22964.18800000,2132543.17510000,0
1680656400000,93.74000000,93.92000000,93.38000000,93.71000000,28842.76400000,1680659999999,2702650.03740000,6330,14515.41300000,1360382.38799000,0
1680660000000,93.72000000,94.41000000,93.60000000,93.65000000,33841.11200000,1680663599999,3181284.97199000,7227,17369.27200000,1633265.51573000,0
1680663600000,93.65000000,93.99000000,93.53000000,93.85000000,13623.97800000,1680667199999,1277155.41667000,3489,6623.86400000,621083.48385000,0
1680667200000,93.85000000,93.92000000,93.59000000,93.74000000,13643.87000000,1680670799999,1278948.42032000,3140,5037.99000000,472337.51768000,0
1680670800000,93.74000000,94.26000000,93.73000000,93.99000000,18259.87900000,1680674399999,1716277.41011000,3728,7567.91500000,711472.88122000,0
1680674400000,93.99000000,94.16000000,93.70000000,94.14000000,19373.14800000,1680677999999,1820439.65905000,3301,9893.32400000,929749.04473000,0
1680678000000,94.13000000,95.05000000,93.83000000,94.89000000,56657.64200000,1680681599999,5354847.98295000,9879,28050.05000000,2651350.10185000,0
1680681600000,94.90000000,94.99000000,94.27000000,94.87000000,29955.63200000,1680685199999,2836719.58016000,6219,14331.67900000,1357460.46788000,0
1680685200000,94.87000000,94.94000000,94.39000000,94.47000000,22453.82600000,1680688799999,2124112.21318000,4636,9806.06100000,927867.13192000,0
1680688800000,94.47000000,94.74000000,94.45000000,94.73000000,22144.65800000,1680692399999,2094528.09025000,4514,11085.96400000,1048654.64085000,0
1680692400000,94.72000000,94.86000000,94.30000000,94.67000000,24495.98600000,1680695999999,2317539.59269000,4726,11544.85700000,1092308.91353000,0
1680696000000,94.67000000,94.89000000,93.55000000,94.40000000,51339.94000000,1680699599999,4838374.71244000,10317,24702.68700000,2329186.32653000,0
1680699600000,94.39000000,94.50000000,93.07000000,93.55000000,43473.55000000,1680703199999,4073332.09679000,8170,20165.02500000,1889725.53268000,0
1680703200000,93.56000000,93.78000000,91.90000000,92.20000000,71701.10500000,1680706799999,6631604.57859000,14542,29831.24800000,2759617.13979000,0
1680706800000,92.21000000,92.40000000,91.11000000,92.14000000,60324.74200000,1680710399999,5539164.70727000,14989,24606.22900000,2258815.35784000,0
1680710400000,92.14000000,92.54000000,91.45000000,92.42000000,31008.64100000,1680713999999,2854562.06098000,7349,9919.40000000,913606.76090000,0
1680714000000,92.40000000,92.69000000,92.19000000,92.22000000,14682.54300000,1680717599999,1357136.30356000,4441,6425.74700000,594163.93439000,0
1680717600000,92.22000000,92.38000000,91.75000000,92.33000000,15638.23000000,1680721199999,1441110.92263000,4177,7111.56300000,655488.84407000,0
1680721200000,92.32000000,92.91000000,92.00000000,92.69000000,15230.24800000,1680724799999,1409712.62666000,4306,6934.20700000,641765.36756000,0
1680724800000,92.70000000,92.87000000,92.24000000,92.40000000,17203.09800000,1680728399999,1593243.59145000,4501,7400.27600000,685529.20854000,0
1680728400000,92.39000000,92.57000000,92.14000000,92.34000000,10528.10200000,1680731999999,972407.56498000,3123,4766.46700000,440277.66488000,0
1680732000000,92.35000000,92.65000000,92.06000000,92.41000000,13284.26100000,1680735599999,1226322.08376000,3248,6083.74300000,561681.73929000,0
1680735600000,92.41000000,92.78000000,92.30000000,92.64000000,11968.11800000,1680739199999,1108465.53246000,2988,3497.39200000,323776.19267000,0
1680739200000,92.63000000,92.65000000,91.91000000,92.13000000,20478.56600000,1680742799999,1889489.40687000,5479,7246.58100000,668712.61655000,0
1680742800000,92.12000000,92.20000000,91.17000000,92.13000000,19676.18400000,1680746399999,1805457.14596000,7127,7768.28000000,713206.51251000,0
1680746400000,92.13000000,92.49000000,92.00000000,92.27000000,11873.57800000,1680749999999,1095621.46094000,3257,6471.99600000,597193.00624000,0
1680750000000,92.27000000,92.51000000,92.15000000,92.48000000,14707.31100000,1680753599999,1358482.61692000,3062,9466.53400000,874533.21678000,0
1680753600000,92.49000000,92.50000000,92.14000000,92.29000000,15165.01800000,1680757199999,1400179.96970000,2721,8207.73600000,757734.28845000,0
1680757200000,92.31000000,92.44000000,91.94000000,92.20000000,8730.07000000,1680760799999,805050.49695000,2634,3949.87100000,364237.90845000,0
1680760800000,92.19000000,92.25000000,91.85000000,91.99000000,16083.53000000,1680764399999,1480252.72085000,3372,7815.27700000,719353.35460000,0
1680764400000,91.98000000,92.06000000,90.89000000,90.97000000,23539.45200000,1680767999999,2152718.97715000,5632,9798.93300000,896647.63822000,0
1680768000000,90.96000000,91.56000000,90.69000000,91.12000000,32922.92500000,1680771599999,3000508.82528000,6527,16071.96200000,1464994.22159000,0
1680771600000,91.12000000,91.47000000,90.70000000,90.75000000,14589.50800000,1680775199999,1330239.29681000,3476,5573.20500000,508312.16736000,0
1680775200000,90.74000000,90.75000000,89.82000000,90.39000000,55072.99500000,1680778799999,4970964.94795000,13278,21794.19500000,1967872.84155000,0
1680778800000,90.38000000,90.93000000,90.28000000,90.87000000,15753.06600000,1680782399999,1428945.44068000,4593,7949.54500000,720995.92022000,0
1680782400000,90.86000000,91.49000000,90.51000000,90.92000000,20961.57100000,1680785999999,1905344.96693000,5935,9573.90100000,870503.27366000,0
1680786000000,90.92000000,91.26000000,90.44000000,91.04000000,18218.20600000,1680789599999,1655727.59662000,5252,8885.25200000,807651.83948000,0
1680789600000,91.06000000,91.29000000,90.78000000,90.93000000,14493.28600000,1680793199999,1319024.49729000,4350,6091.59400000,554399.35944000,0
1680793200000,90.94000000,91.49000000,90.92000000,91.19000000,15775.51200000,1680796799999,1439862.70733000,4440,6191.92000000,565181.44536000,0
1680796800000,91.18000000,91.50000000,91.10000000,91.15000000,10463.73200000,1680800399999,955307.92725000,3533,4706.03100000,429672.34340000,0
1680800400000,91.16000000,91.46000000,91.08000000,91.14000000,10017.79100000,1680803999999,913861.91879000,3206,4210.47900000,384108.92245000,0
1680804000000,91.14000000,91.25000000,90.62000000,90.63000000,9118.70400000,1680807599999,829556.17003000,2957,3696.19700000,336286.12527000,0
1680807600000,90.62000000,91.04000000,90.57000000,90.92000000,8660.64300000,1680811199999,786806.81422000,2550,4144.53700000,376414.05171000,0
1680811200000,90.92000000,91.18000000,90.42000000,90.62000000,9985.04300000,1680814799999,906973.04068000,3509,4627.21200000,420435.05391000,0
1680814800000,90.62000000,91.01000000,90.54000000,90.56000000,7014.12300000,1680818399999,636407.73388000,2647,3186.22300000,289087.92014000,0
1680818400000,90.57000000,90.68000000,90.44000000,90.62000000,5880.06700000,1680821999999,532427.21964000,2283,2016.03800000,182566.26511000,0
1680822000000,90.62000000,90.98000000,90.62000000,90.97000000,6211.47600000,1680825599999,564068.78394000,2346,3137.83600000,284925.86170000,0
1680825600000,90.97000000,91.48000000,90.53000000,91.27000000,15343.10200000,1680829199999,1396382.87291000,3782,7176.43800000,653615.03806000,0
1680829200000,91.27000000,91.41000000,91.01000000,91.03000000,10146.57100000,1680832799999,925450.83394000,2624,4133.84100000,377040.26215000,0
1680832800000,91.01000000,91.25000000,90.59000000,90.74000000,12009.56100000,1680836399999,1091392.13291000,2815,4640.36400000,421703.54995000,0
1680836400000,90.73000000,90.85000000,90.66000000,90.78000000,6310.60900000,1680839999999,572735.29329000,1736,2720.67600000,246934.99493000,0
1680840000000,90.78000000,91.23000000,90.63000000,90.98000000,9128.55000000,1680843599999,830160.24865000,2349,4541.92700000,413145.64728000,0
1680843600000,90.98000000,91.04000000,90.34000000,90.75000000,14876.14500000,1680847199999,1348838.47148000,3834,6799.72600000,616466.84558000,0
1680847200000,90.77000000,90.84000000,90.03000000,90.35000000,22271.09000000,1680850799999,2013166.26190000,4962,8288.19100000,749420.58588000,0
1680850800000,90.34000000,90.48000000,89.03000000,89.63000000,45587.17000000,1680854399999,4091736.31065000,11383,17062.77100000,1531517.18835000,0
1680854400000,89.63000000,90.18000000,89.33000000,89.70000000,25047.50000000,1680857999999,2247611.02035000,5925,13003.18500000,1166507.42314000,0
1680858000000,89.70000000,90.10000000,89.57000000,90.04000000,12163.00300000,1680861599999,1093224.53046000,3430,5683.77400000,510950.48540000,0
1680861600000,90.05000000,90.45000000,90.00000000,90.21000000,11122.98500000,1680865199999,1003326.32069000,3486,5983.54000000,539696.13701000,0
1680865200000,90.22000000,90.25000000,89.65000000,89.92000000,11856.78500000,1680868799999,1067187.17009000,3728,6243.21000000,562065.27169000,0
1680868800000,89.91000000,90.54000000,89.70000000,90.20000000,18917.73100000,1680872399999,1705105.67595000,6147,9961.41700000,897890.94981000,0
1680872400000,90.19000000,90.43000000,90.06000000,90.33000000,6541.00000000,1680875999999,590284.69106000,2935,2655.18600000,239615.86760000,0
1680876000000,90.32000000,90.85000000,90.27000000,90.46000000,10952.98400000,1680879599999,991642.70193000,4389,4468.68700000,404635.04001000,0
1680879600000,90.45000000,90.69000000,90.36000000,90.56000000,8103.36500000,1680883199999,733581.29408000,3170,4275.54900000,387082.45665000,0
1680883200000,90.55000000,90.69000000,90.18000000,90.19000000,10642.48200000,1680886799999,961633.22515000,3133,5340.54900000,482467.38663000,0
1680886800000,90.19000000,90.55000000,90.19000000,90.33000000,7368.02400000,1680890399999,665871.59455000,2805,4680.87200000,423037.16747000,0
1680890400000,90.33000000,90.39000000,90.12000000,90.20000000,8281.73500000,1680893999999,747622.45747000,2271,4740.10300000,427963.32007000,0
1680894000000,90.20000000,90.37000000,90.04000000,90.30000000,5850.65800000,1680897599999,527964.89111000,2369,3526.34100000,318254.60203000,0
1680897600000,90.30000000,90.36000000,89.95000000,89.99000000,8611.74300000,1680901199999,776610.53146000,2581,4621.95100000,417002.34394000,0
1680901200000,89.99000000,90.21000000,89.94000000,89.99000000,5601.94400000,1680904799999,504294.31625000,1927,2010.19400000,181010.18763000,0
1680904800000,90.00000000,90.78000000,89.99000000,90.63000000,8833.76900000,1680908399999,798831.79310000,2814,5468.60700000,494441.15159000,0
1680908400000,90.63000000,90.68000000,90.37000000,90.60000000,5979.90000000,1680911999999,541494.62640000,2267,3266.54200000,295816.04172000,0
1680912000000,90.60000000,90.61000000,90.19000000,90.27000000,6767.07700000,1680915599999,611994.88328000,2024,3244.33800000,293541.83819000,0
1680915600000,90.26000000,90.57000000,90.15000000,90.30000000,4871.32500000,1680919199999,439983.79469000,1958,2315.75700000,209152.67251000,0
1680919200000,90.31000000,90.48000000,90.13000000,90.44000000,6588.36300000,1680922799999,594696.30121000,2071,2531.14100000,228515.96871000,0
1680922800000,90.46000000,90.82000000,90.40000000,90.76000000,10070.55700000,1680926399999,913052.16145000,2598,5849.48900000,530297.88071000,0
1680926400000,90.76000000,90.79000000,90.49000000,90.52000000,5804.71100000,1680929999999,526050.51433000,1614,2449.48100000,221896.25133000,0
1680930000000,90.51000000,91.11000000,90.50000000,91.11000000,11381.45600000,1680933599999,1034061.36899000,3310,6495.08000000,590349.97007000,0
1680933600000,91.10000000,91.44000000,90.94000000,91.11000000,13574.08300000,1680937199999,1237050.80041000,4454,7199.32200000,656173.83220000,0
1680937200000,91.11000000,91.18000000,90.88000000,91.00000000,8696.80000000,1680940799999,791314.10206000,2532,3501.78500000,318611.72626000,0
1680940800000,91.01000000,91.14000000,90.52000000,90.56000000,7187.72300000,1680944399999,653327.58527000,2618,2936.23400000,267074.37368000,0
1680944400000,90.57000000,90.85000000,90.55000000,90.70000000,5716.42200000,1680947999999,518539.74313000,2176,2356.10500000,213706.77114000,0
1680948000000,90.71000000,90.73000000,90.56000000,90.61000000,7215.19200000,1680951599999,653995.12101000,2355,3157.15300000,286172.10506000,0
1680951600000,90.60000000,90.68000000,90.54000000,90.57000000,5570.29800000,1680955199999,504667.28914000,2328,2628.01300000,238102.16815000,0
1680955200000,90.56000000,90.62000000,90.21000000,90.41000000,12249.87500000,1680958799999,1107444.74907000,3655,5398.48800000,487864.28310000,0
1680958800000,90.40000000,90.44000000,90.24000000,90.32000000,9987.33100000,1680962399999,902028.33724000,3148,5459.29000000,492989.64459000,0
1680962400000,90.32000000,90.54000000,90.25000000,90.40000000,6814.65600000,1680965999999,616070.48282000,3068,3868.88400000,349771.66683000,0
1680966000000,90.40000000,90.48000000,90.28000000,90.46000000,5984.10400000,1680969599999,540860.91551000,2540,2885.09800000,260779.12435000,0
1680969600000,90.45000000,90.47000000,90.31000000,90.46000000,4924.70200000,1680973199999,445184.35205000,2102,2563.34700000,231726.10020000,0
1680973200000,90.46000000,90.56000000,89.80000000,89.93000000,14522.41400000,1680976799999,1309791.74123000,3887,5262.21700000,474561.07598000,0
1680976800000,89.93000000,90.13000000,89.24000000,89.56000000,14479.03900000,1680980399999,1300199.23031000,4444,6944.50900000,623638.41108000,0
1680980400000,89.56000000,89.88000000,89.28000000,89.79000000,8225.09500000,1680983999999,736890.27006000,2879,4170.88600000,373693.64386000,0
1680984000000,89.78000000,90.13000000,89.76000000,89.91000000,8459.22200000,1680987599999,761284.92137000,2509,2421.24500000,217827.76973000,0
1680987600000,89.91000000,90.00000000,89.78000000,89.95000000,4935.70200000,1680991199999,443889.60646000,1814,2590.62300000,232995.87056000,0
1680991200000,89.95000000,89.99000000,89.55000000,89.89000000,5693.13000000,1680994799999,511206.39456000,2146,2723.48500000,244582.00192000,0
1680994800000,89.88000000,90.25000000,89.85000000,89.91000000,9373.79100000,1680998399999,843884.96673000,2511,4450.39400000,400849.77042000,0
1680998400000,89.91000000,90.42000000,89.89000000,90.37000000,6192.15200000,1681001999999,558511.27504000,2050,3514.63700000,316969.07069000,0
1681002000000,90.37000000,90.70000000,90.35000000,90.68000000,8314.72200000,1681005599999,752950.82808000,2247,3832.41500000,347065.15714000,0
1681005600000,90.68000000,90.68000000,90.40000000,90.57000000,7695.37800000,1681009199999,696612.00502000,1545,4853.11700000,439297.79992000,0
1681009200000,90.57000000,90.71000000,90.51000000,90.67000000,6073.02100000,1681012799999,550353.59996000,1765,1819.83500000,164909.62651000,0
1681012800000,90.67000000,90.90000000,90.60000000,90.62000000,9303.37200000,1681016399999,844147.71840000,2019,4650.67700000,422035.59419000,0
1681016400000,90.63000000,90.90000000,90.49000000,90.50000000,7235.40300000,1681019999999,655901.06355000,1825,3577.04200000,324260.52379000,0
1681020000000,90.49000000,90.52000000,89.78000000,90.13000000,16915.24200000,1681023599999,1523992.24955000,4193,7534.33900000,678696.43923000,0
1681023600000,90.13000000,90.33000000,89.84000000,90.19000000,7456.59800000,1681027199999,672106.74066000,2357,3706.85600000,334139.74351000,0
1681027200000,90.18000000,90.25000000,89.81000000,90.11000000,9449.74700000,1681030799999,850793.77973000,2461,3883.64700000,349641.26096000,0
1681030800000,90.12000000,90.20000000,89.79000000,89.97000000,7342.14700000,1681034399999,660459.80524000,2203,3633.13100000,326902.78566000,0
1681034400000,89.96000000,90.09000000,89.80000000,89.85000000,8979.83100000,1681037999999,807652.04384000,2238,4444.12700000,399813.00216000,0
1681038000000,89.85000000,90.23000000,89.81000000,90.23000000,12135.18100000,1681041599999,1092377.67444000,2463,8879.75200000,799297.03569000,0
1681041600000,90.22000000,90.54000000,90.15000000,90.19000000,14872.05700000,1681045199999,1343385.75997000,3606,6797.60200000,614012.70207000,0
1681045200000,90.20000000,90.20000000,89.72000000,89.90000000,8270.35400000,1681048799999,743611.07693000,3215,4583.75500000,412089.62364000,0
1681048800000,89.91000000,89.97000000,89.16000000,89.43000000,20821.86800000,1681052399999,1862324.13584000,5464,9699.37100000,867412.79904000,0
1681052400000,89.43000000,89.52000000,89.13000000,89.39000000,21881.24500000,1681055999999,1953490.62896000,5078,12002.99000000,1071527.78139000,0
1681056000000,89.39000000,89.79000000,89.34000000,89.55000000,8143.85200000,1681059599999,729667.63207000,2886,4259.77500000,381745.51801000,0
1681059600000,89.54000000,89.64000000,89.28000000,89.56000000,7761.62400000,1681063199999,694603.95114000,2729,3166.48800000,283361.79616000,0
1681063200000,89.56000000,90.28000000,89.52000000,90.19000000,10559.52100000,1681066799999,949115.21643000,3491,5828.69700000,523806.02768000,0
1681066800000,90.20000000,90.65000000,90.07000000,90.31000000,14493.69700000,1681070399999,1309738.35958000,6004,7466.53300000,674799.39601000,0
1681070400000,90.30000000,90.34000000,90.06000000,90.09000000,4603.26600000,1681073999999,415036.73958000,2004,2390.36200000,215518.21941000,0
1681074000000,90.09000000,90.81000000,90.09000000,90.75000000,11664.61800000,1681077599999,1055342.36301000,3358,6593.75300000,596588.38451000,0
1681077600000,90.80000000,91.00000000,90.71000000,90.97000000,14289.71700000,1681081199999,1298782.98179000,3880,8535.98700000,775894.36397000,0
1681081200000,90.97000000,91.03000000,90.50000000,90.58000000,9368.13600000,1681084799999,849847.14671000,2770,4156.94200000,377206.38464000,0
1681084800000,90.56000000,90.97000000,90.50000000,90.57000000,11444.64900000,1681088399999,1038351.49710000,3108,4979.27900000,451809.34503000,0
1681088400000,90.56000000,90.57000000,89.86000000,89.90000000,17124.06000000,1681091999999,1542865.29774000,4484,6025.88600000,542947.09524000,0
1681092000000,89.89000000,90.37000000,89.84000000,90.33000000,9988.90500000,1681095599999,900123.87480000,2269,5715.01500000,515034.02999000,0
1681095600000,90.34000000,90.69000000,90.20000000,90.38000000,9004.93900000,1681099199999,814108.64557000,2399,4271.84800000,386235.06582000,0
1681099200000,90.38000000,90.55000000,90.30000000,90.47000000,11431.40000000,1681102799999,1033712.17906000,2171,3972.47200000,359245.59976000,0
1681102800000,90.48000000,90.83000000,90.27000000,90.58000000,14638.09700000,1681106399999,1325201.86573000,2564,8069.40900000,730550.79250000,0
1681106400000,90.59000000,90.71000000,90.46000000,90.50000000,6502.98600000,1681109999999,589227.55769000,1477,2896.43600000,262395.44751000,0
1681110000000,90.50000000,90.54000000,90.34000000,90.48000000,6295.74100000,1681113599999,569440.17205000,2108,2443.73700000,221041.40307000,0
1681113600000,90.49000000,90.75000000,90.41000000,90.42000000,8920.00100000,1681117199999,807865.53851000,2830,6024.11600000,545567.71595000,0
1681117200000,90.42000000,90.58000000,90.30000000,90.48000000,6696.08500000,1681120799999,605638.69831000,1994,3526.75700000,319027.45798000,0
1681120800000,90.49000000,90.67000000,90.44000000,90.62000000,9313.58100000,1681124399999,843518.82566000,2321,4200.16900000,380379.38375000,0
1681124400000,90.62000000,90.73000000,90.46000000,90.47000000,5938.67000000,1681127999999,537901.05495000,2076,2827.95300000,256176.34160000,0
1681128000000,90.47000000,90.61000000,90.38000000,90.58000000,8787.31200000,1681131599999,795218.65287000,2594,4625.24600000,418611.22880000,0
1681131600000,90.58000000,90.65000000,90.16000000,90.26000000,15448.57000000,1681135199999,1396805.68761000,4347,7299.20100000,659994.51958000,0
1681135200000,90.25000000,92.93000000,90.17000000,92.85000000,70865.20000000,1681138799999,6520042.60254000,17635,37285.80100000,3427026.03802000,0
1681138800000,92.84000000,93.38000000,92.21000000,92.23000000,73997.83400000,1681142399999,6866253.92145000,15851,34807.35500000,3230280.00100000,0
1681142400000,92.25000000,93.04000000,92.20000000,92.93000000,34164.75100000,1681145999999,3164463.00828000,7109,18160.15500000,1682255.68204000,0
1681146000000,92.94000000,93.25000000,92.48000000,92.71000000,40173.43800000,1681149599999,3731060.06830000,8775,21567.91100000,2003154.69912000,0
1681149600000,92.72000000,93.40000000,92.61000000,93.13000000,29882.07300000,1681153199999,2776552.85004000,5376,16621.23600000,1545434.02925000,0
1681153200000,93.12000000,93.21000000,92.59000000,92.69000000,22839.06800000,1681156799999,2120463.91761000,4398,14075.77800000,1306657.43852000,0
1681156800000,92.70000000,92.80000000,92.28000000,92.53000000,15099.89900000,1681160399999,1397070.84717000,3230,4706.64600000,435513.60747000,0
1681160400000,92.54000000,92.94000000,92.53000000,92.88000000,9607.48900000,1681163999999,891191.50389000,2467,4919.46800000,456334.39865000,0
1681164000000,92.88000000,93.47000000,92.88000000,93.13000000,34720.65600000,1681167599999,3233691.29868000,6654,19142.11300000,1783040.80061000,0
1681167600000,93.13000000,94.47000000,93.13000000,93.78000000,49194.58200000,1681171199999,4622413.48125000,12054,29549.76100000,2776568.34770000,0
1681171200000,93.78000000,94.46000000,93.60000000,93.73000000,34272.44400000,1681174799999,3218586.99085000,5689,16974.57000000,1594721.99134000,0
1681174800000,93.73000000,94.22000000,93.15000000,93.70000000,39815.37800000,1681178399999,3728629.60424000,8350,18602.36700000,1741870.64306000,0
1681178400000,93.70000000,94.95000000,93.42000000,94.83000000,69902.22800000,1681181999999,6593476.63614000,11835,42172.58400000,3980022.79467000,0
1681182000000,94.82000000,94.99000000,93.93000000,94.30000000,29516.37200000,1681185599999,2782798.55015000,6061,13520.74400000,1274932.36850000,0
1681185600000,94.30000000,96.99000000,94.29000000,95.92000000,130550.36600000,1681189199999,12529364.40825000,26157,69511.80400000,6664030.35799000,0
1681189200000,95.92000000,96.32000000,95.56000000,95.73000000,32852.51800000,1681192799999,3151756.88426000,6411,13548.42000000,1300019.18653000,0
1681192800000,95.73000000,96.60000000,95.72000000,96.44000000,39611.83100000,1681196399999,3812825.74039000,7102,24457.91700000,2353788.44708000,0
1681196400000,96.43000000,97.00000000,96.33000000,96.39000000,41111.40400000,1681199999999,3974753.16273000,7566,19712.39000000,1906416.71136000,0
1681200000000,96.39000000,96.50000000,95.13000000,95.56000000,40813.55800000,1681203599999,3911641.38635000,8543,17132.45800000,1643076.92180000,0
1681203600000,95.55000000,95.60000000,95.23000000,95.39000000,26775.08600000,1681207199999,2553841.65460000,4715,13771.89900000,1313575.73370000,0
1681207200000,95.40000000,95.80000000,95.32000000,95.73000000,18212.92500000,1681210799999,1740463.83330000,3597,10248.85000000,979429.77425000,0
1681210800000,95.73000000,95.73000000,95.10000000,95.27000000,18911.61900000,1681214399999,1802812.66682000,4410,9079.69100000,865367.21972000,0
1681214400000,95.27000000,95.44000000,94.54000000,94.85000000,25688.68700000,1681217999999,2439125.62981000,6425,12295.23500000,1167518.79047000,0
1681218000000,94.86000000,95.30000000,94.74000000,95.20000000,21881.99300000,1681221599999,2077653.58694000,5017,10477.62700000,994747.92729000,0
1681221600000,95.20000000,95.37000000,94.50000000,94.91000000,29379.27900000,1681225199999,2791246.48879000,6745,11241.04700000,1068379.35740000,0
1681225200000,94.91000000,95.57000000,94.72000000,94.99000000,23354.83900000,1681228799999,2220749.06009000,5456,10040.45700000,955323.14638000,0
1681228800000,94.99000000,95.10000000,94.30000000,94.90000000,22331.44000000,1681232399999,2117108.78050000,5667,12056.13400000,1143346.51314000,0
1681232400000,94.89000000,94.90000000,94.37000000,94.83000000,17712.38400000,1681235999999,1677116.54981000,4323,8371.06700000,792569.43716000,0
1681236000000,94.83000000,95.18000000,94.75000000,95.05000000,13860.47800000,1681239599999,1316345.44408000,3675,5752.75500000,546335.02731000,0
1681239600000,95.06000000,95.46000000,94.43000000,94.61000000,21627.97000000,1681243199999,2054272.36768000,5395,8462.40500000,803859.51572000,0
1681243200000,94.63000000,94.74000000,94.15000000,94.69000000,18639.08800000,1681246799999,1761112.24854000,5154,9337.73000000,882429.80217000,0
1681246800000,94.69000000,94.74000000,93.68000000,94.04000000,19974.12400000,1681250399999,1881256.35228000,5740,9211.35900000,867966.33794000,0
1681250400000,94.05000000,94.25000000,93.89000000,94.03000000,11168.59300000,1681253999999,1050760.94123000,3021,5334.25900000,501811.14543000,0
1681254000000,94.03000000,94.31000000,93.72000000,94.22000000,11261.25500000,1681257599999,1059523.57883000,2982,6487.69800000,610579.90677000,0
1681257600000,94.22000000,94.66000000,93.74000000,93.88000000,14658.35300000,1681261199999,1383882.87808000,3561,7469.49500000,705276.86118000,0
1681261200000,93.91000000,94.24000000,92.77000000,93.03000000,38368.27400000,1681264799999,3585064.98828000,8891,15536.74900000,1452393.50687000,0
1681264800000,93.01000000,93.10000000,91.22000000,91.62000000,67469.31000000,1681268399999,6204119.43200000,15528,30484.79300000,2802531.27876000,0
1681268400000,91.63000000,91.66000000,90.87000000,91.57000000,41084.29800000,1681271999999,3750706.68845000,8240,18342.01000000,1675142.88014000,0
1681272000000,91.56000000,91.78000000,90.96000000,91.74000000,40102.05200000,1681275599999,3660270.16759000,7056,12405.61000000,1133287.96266000,0
1681275600000,91.74000000,91.91000000,91.41000000,91.47000000,23174.25400000,1681279199999,2123878.98357000,4298,8648.11400000,792935.69516000,0
1681279200000,91.46000000,91.94000000,91.43000000,91.79000000,22802.60400000,1681282799999,2092028.50832000,3791,11229.00800000,1030167.98291000,0
1681282800000,91.79000000,92.44000000,91.66000000,92.07000000,25243.81100000,1681286399999,2325906.72031000,5236,10901.74300000,1004173.94856000,0
1681286400000,92.07000000,92.19000000,91.50000000,91.51000000,24759.36600000,1681289999999,2273980.94987000,4212,9995.52600000,918057.15418000,0
1681290000000,91.51000000,91.81000000,91.50000000,91.78000000,9824.80400000,1681293599999,900731.68680000,2896,5494.19800000,503710.79982000,0
1681293600000,91.77000000,91.78000000,91.52000000,91.59000000,16845.81600000,1681297199999,1543400.41726000,5183,7580.08900000,694472.49753000,0
1681297200000,91.59000000,91.63000000,91.10000000,91.42000000,26165.01500000,1681300799999,2388452.43160000,5793,12102.59000000,1104499.51704000,0
1681300800000,91.42000000,93.18000000,90.98000000,92.28000000,89203.62700000,1681304399999,8230357.14557000,17299,46107.36500000,4254347.29149000,0
1681304400000,92.28000000,93.21000000,91.31000000,91.79000000,68394.96000000,1681307999999,6324930.48450000,11482,31163.29800000,2883098.28759000,0
1681308000000,91.79000000,93.28000000,91.61000000,92.37000000,41838.00100000,1681311599999,3874845.16380000,9343,22212.41900000,2057573.56497000,0
1681311600000,92.34000000,92.54000000,91.11000000,91.99000000,39481.86200000,1681315199999,3626092.20504000,9121,19278.97600000,1770801.64032000,0
1681315200000,92.00000000,92.23000000,91.70000000,91.73000000,20437.99500000,1681318799999,1879442.28342000,4215,11252.49900000,1034732.44993000,0
1681318800000,91.77000000,92.26000000,91.69000000,91.92000000,12883.79100000,1681322399999,1185349.74538000,3673,5776.08400000,531401.35415000,0
1681322400000,91.93000000,92.12000000,91.36000000,91.59000000,22182.70600000,1681325999999,2035319.66344000,5668,9505.71200000,871987.12579000,0
1681326000000,91.59000000,91.76000000,91.27000000,91.66000000,14997.26200000,1681329599999,1373544.22452000,4232,7955.71000000,728675.93786000,0
1681329600000,91.68000000,92.00000000,91.61000000,91.96000000,12789.64700000,1681333199999,1175459.23018000,3394,6462.76200000,594022.18598000,0
1681333200000,91.96000000,92.36000000,91.89000000,92.22000000,9145.86400000,1681336799999,842557.98960000,2746,4405.53200000,405883.64061000,0
1681336800000,92.21000000,92.39000000,91.80000000,91.90000000,19970.62100000,1681340399999,1839833.09563000,4035,9380.96200000,864635.78398000,0
1681340400000,91.92000000,92.48000000,91.78000000,92.06000000,11710.90500000,1681343999999,1078966.99607000,2879,5940.10400000,547481.75416000,0
1681344000000,92.07000000,92.31000000,91.66000000,91.98000000,20846.17100000,1681347599999,1918807.15894000,3636,11931.15300000,1098426.23687000,0
1681347600000,92.02000000,92.24000000,91.70000000,92.19000000,13717.98800000,1681351199999,1261246.09848000,3053,8306.41100000,763628.96620000,0
1681351200000,92.19000000,92.47000000,91.87000000,92.42000000,12592.90600000,1681354799999,1160568.23722000,2820,6525.77700000,601604.08951000,0
1681354800000,92.42000000,92.70000000,92.21000000,92.46000000,14331.80900000,1681358399999,1324130.69567000,2967,7771.63500000,718007.60406000,0
1681358400000,92.47000000,92.54000000,92.30000000,92.37000000,6433.91700000,1681361999999,594580.07784000,1831,3077.48000000,284420.87517000,0
1681362000000,92.38000000,92.59000000,92.24000000,92.59000000,8129.06800000,1681365599999,750979.79799000,1958,3695.31000000,341488.17852000,0
1681365600000,92.59000000,92.63000000,92.21000000,92.25000000,10528.68000000,1681369199999,973060.84543000,2372,3419.55400000,316048.14836000,0
1681369200000,92.26000000,92.80000000,92.21000000,92.66000000,11393.62500000,1681372799999,1053093.79312000,3127,5418.43600000,500957.62034000,0
1681372800000,92.67000000,94.04000000,92.62000000,93.73000000,59852.86600000,1681376399999,5590161.07399000,10958,36788.85000000,3437377.79719000,0
1681376400000,93.72000000,94.20000000,93.43000000,93.61000000,52652.41500000,1681379999999,4943468.34554000,8865,28289.40600000,2656613.97090000,0
1681380000000,93.60000000,93.96000000,93.60000000,93.77000000,19585.86100000,1681383599999,1836663.24439000,4067,10093.02600000,946573.03429000,0
1681383600000,93.76000000,94.07000000,93.58000000,93.60000000,19097.49200000,1681387199999,1791831.66531000,3798,10488.34200000,984495.15555000,0
1681387200000,93.60000000,94.40000000,93.60000000,94.19000000,36402.88800000,1681390799999,3422474.88335000,6519,16946.35800000,1593312.97756000,0
1681390800000,94.19000000,94.41000000,93.71000000,93.74000000,19964.59000000,1681394399999,1877509.41695000,4783,8055.24300000,757736.84779000,0
1681394400000,93.75000000,94.20000000,93.64000000,94.12000000,22414.25400000,1681397999999,2106250.46486000,4913,12354.35000000,1161091.03883000,0
1681398000000,94.13000000,94.50000000,93.77000000,94.28000000,139891.60500000,1681401599999,13170485.68013000,15334,69137.00000000,6509105.56046000,0
1681401600000,94.28000000,94.48000000,93.77000000,94.04000000,51384.89200000,1681405199999,4834415.20437000,6736,26382.34400000,2482613.56844000,0
1681405200000,94.05000000,94.44000000,93.90000000,94.44000000,16442.95900000,1681408799999,1549247.56438000,4284,9761.53500000,919878.90724000,0
1681408800000,94.43000000,94.50000000,94.23000000,94.30000000,12665.46200000,1681412399999,1195033.05030000,3197,5729.91300000,540729.42327000,0
1681412400000,94.29000000,94.54000000,94.18000000,94.40000000,11137.96000000,1681415999999,1050591.86327000,3606,6215.30700000,586360.45877000,0
1681416000000,94.40000000,94.40000000,94.04000000,94.07000000,12326.66900000,1681419599999,1161252.29853000,3922,6919.35700000,651861.09864000,0
1681419600000,94.07000000,94.25000000,93.96000000,93.97000000,7013.44900000,1681423199999,660073.99621000,1996,3287.09900000,309401.54737000,0
1681423200000,93.96000000,94.25000000,93.96000000,94.02000000,12808.55700000,1681426799999,1204923.88453000,2833,7507.91800000,706238.23312000,0
1681426800000,94.03000000,94.20000000,93.90000000,94.17000000,15847.95900000,1681430399999,1490209.19530000,2923,7430.79600000,698800.40433000,0
1681430400000,94.18000000,98.72000000,94.00000000,97.44000000,216847.49100000,1681433999999,20972694.05890000,39059,88081.56800000,8504258.47058000,0
1681434000000,97.45000000,98.17000000,96.76000000,97.45000000,92134.53900000,1681437599999,8995575.95289000,16497,48667.03100000,4751925.85130000,0
1681437600000,97.46000000,97.90000000,96.75000000,97.29000000,31800.81000000,1681441199999,3095552.89650000,6676,16215.95700000,1577821.57487000,0
1681441200000,97.29000000,98.20000000,97.08000000,97.66000000,40230.06700000,1681444799999,3932948.29068000,6297,20320.72400000,1985170.17330000,0
1681444800000,97.67000000,99.27000000,97.66000000,98.18000000,68372.70000000,1681448399999,6729547.56939000,13200,32657.57700000,3214104.43496000,0
1681448400000,98.18000000,98.47000000,97.98000000,98.24000000,23839.37400000,1681451999999,2340947.59170000,4561,10653.11900000,1046475.93081000,0
1681452000000,98.25000000,98.46000000,97.90000000,98.09000000,25424.51000000,1681455599999,2496566.76702000,5110,13539.60300000,1329299.20800000,0
1681455600000,98.10000000,98.10000000,96.70000000,96.89000000,48317.43400000,1681459199999,4703912.10640000,8823,20251.71600000,1972254.11363000,0
1681459200000,96.91000000,97.39000000,96.76000000,97.21000000,25005.57200000,1681462799999,2427198.24022000,5010,13677.65800000,1327560.09978000,0
1681462800000,97.21000000,97.48000000,97.00000000,97.30000000,20123.43800000,1681466399999,1957407.62156000,4006,6955.58200000,676531.66990000,0
1681466400000,97.31000000,97.34000000,96.72000000,96.77000000,14160.16900000,1681469999999,1374127.10292000,3268,5653.36100000,548487.10256000,0
1681470000000,96.79000000,97.04000000,96.06000000,96.93000000,34199.68800000,1681473599999,3303749.37527000,7127,16434.28600000,1588118.89589000,0
1681473600000,96.92000000,97.20000000,95.42000000,95.64000000,51075.08200000,1681477199999,4931410.55365000,9194,23384.75500000,2258831.95867000,0
1681477200000,95.65000000,96.80000000,95.62000000,96.68000000,35217.09500000,1681480799999,3390518.35590000,6450,18338.24500000,1765263.61729000,0
1681480800000,96.67000000,97.39000000,95.86000000,96.27000000,37615.83800000,1681484399999,3633337.49845000,8093,15336.19500000,1482359.18278000,0
1681484400000,96.26000000,96.32000000,93.66000000,93.97000000,81279.78000000,1681487999999,7700007.05245000,14899,35712.75000000,3383094.22353000,0
1681488000000,93.96000000,94.44000000,93.71000000,94.31000000,41092.89700000,1681491599999,3862170.56968000,6726,18673.87100000,1755597.68659000,0
1681491600000,94.31000000,95.23000000,94.23000000,95.02000000,64189.53500000,1681495199999,6085426.92937000,8467,36959.03500000,3504946.25858000,0
1681495200000,95.02000000,95.55000000,94.95000000,95.16000000,18616.80600000,1681498799999,1772530.33298000,4373,9090.91700000,865735.53754000,0
1681498800000,95.17000000,95.99000000,95.01000000,95.98000000,12892.34200000,1681502399999,1231269.28092000,3444,7670.74300000,732950.41077000,0
1681502400000,95.98000000,96.99000000,95.86000000,96.38000000,22581.28700000,1681505999999,2178211.91962000,6906,12445.37300000,1200755.75291000,0
1681506000000,96.37000000,96.43000000,95.92000000,96.16000000,14909.12400000,1681509599999,1433671.54755000,3022,8394.43900000,807224.29267000,0
1681509600000,96.16000000,96.59000000,95.93000000,96.59000000,12699.07700000,1681513199999,1222393.23060000,3025,5884.75300000,566559.22771000,0
1681513200000,96.57000000,96.66000000,96.10000000,96.33000000,12016.38100000,1681516799999,1157575.84475000,2797,5216.22900000,502432.86495000,0
1681516800000,96.31000000,96.39000000,95.41000000,95.44000000,20980.56100000,1681520399999,2011905.19648000,4519,9185.81300000,881138.48542000,0
1681520400000,95.45000000,95.52000000,94.71000000,95.36000000,21680.45700000,1681523999999,2062122.55330000,4665,10057.85300000,956383.47407000,0
1681524000000,95.36000000,95.98000000,95.31000000,95.42000000,14299.18000000,1681527599999,1367472.33477000,3096,7771.70900000,743209.31916000,0
1681527600000,95.42000000,95.72000000,95.34000000,95.60000000,11319.41300000,1681531199999,1081623.93165000,2350,5599.98500000,535164.13214000,0
1681531200000,95.60000000,95.62000000,95.04000000,95.60000000,11172.65500000,1681534799999,1065651.71032000,2871,6242.20200000,595592.42475000,0
1681534800000,95.59000000,95.94000000,95.56000000,95.80000000,9695.24500000,1681538399999,928233.47406000,2326,4695.97400000,449574.90171000,0
1681538400000,95.80000000,95.88000000,95.34000000,95.61000000,6797.38200000,1681541999999,649549.41059000,1953,2798.66600000,267450.44112000,0
1681542000000,95.62000000,96.55000000,95.62000000,96.27000000,28051.01200000,1681545599999,2698851.45174000,5451,17133.40500000,1648330.30244000,0
1681545600000,96.26000000,96.40000000,95.88000000,96.09000000,13447.92000000,1681549199999,1292660.96167000,2813,4836.62700000,464935.30068000,0
1681549200000,96.09000000,96.59000000,95.95000000,96.56000000,13342.39600000,1681552799999,1285463.94034000,3136,5727.20300000,551883.05376000,0
1681552800000,96.55000000,96.65000000,96.29000000,96.64000000,11297.43400000,1681556399999,1090260.19846000,3138,5221.23700000,503948.13434000,0
1681556400000,96.65000000,96.72000000,96.15000000,96.23000000,14389.35800000,1681559999999,1388435.48580000,3081,7355.59400000,710124.27558000,0
1681560000000,96.24000000,96.86000000,96.18000000,96.74000000,12993.44600000,1681563599999,1254768.88929000,3343,6968.34600000,673029.46880000,0
1681563600000,96.74000000,96.94000000,95.71000000,95.99000000,17568.25600000,1681567199999,1690241.01829000,4710,6723.84500000,646991.14333000,0
1681567200000,96.00000000,96.22000000,95.78000000,96.06000000,16778.23800000,1681570799999,1610459.79099000,3351,7705.44100000,739630.94936000,0
1681570800000,96.07000000,96.49000000,95.96000000,96.06000000,12335.31900000,1681574399999,1187774.59214000,3437,6644.75700000,639810.86275000,0
1681574400000,96.07000000,96.52000000,95.93000000,96.47000000,13910.36800000,1681577999999,1338433.49749000,4372,6856.58700000,659732.24714000,0
1681578000000,96.47000000,96.52000000,95.31000000,95.73000000,22022.21000000,1681581599999,2112122.80064000,5453,9220.33300000,884539.98864000,0
1681581600000,95.73000000,96.30000000,95.72000000,96.24000000,10219.01300000,1681585199999,982390.33056000,2617,4140.30300000,397889.92623000,0
1681585200000,96.24000000,96.35000000,95.65000000,96.26000000,8944.43200000,1681588799999,859713.03694000,2678,4312.20800000,414376.76225000,0
1681588800000,96.26000000,96.45000000,96.11000000,96.21000000,7566.59100000,1681592399999,728553.85280000,2494,3641.68700000,350603.51003000,0
1681592400000,96.20000000,96.78000000,95.98000000,96.67000000,14073.72600000,1681595999999,1357837.24948000,3507,6239.56100000,602221.71241000,0
1681596000000,96.67000000,97.16000000,96.48000000,96.78000000,20220.58900000,1681599599999,1958234.78035000,4545,9375.10100000,908096.31538000,0
1681599600000,96.78000000,97.32000000,96.66000000,96.68000000,10117.08600000,1681603199999,981236.46605000,2939,5043.45900000,489188.24847000,0
1681603200000,96.69000000,96.80000000,96.12000000,96.12000000,12077.15200000,1681606799999,1164992.65728000,3256,5169.26000000,498606.96511000,0
1681606800000,96.12000000,96.14000000,95.10000000,95.98000000,32423.44800000,1681610399999,3101517.99652000,6846,14935.23300000,1428861.39010000,0
1681610400000,95.98000000,96.32000000,95.85000000,96.15000000,10476.99500000,1681613999999,1006504.33072000,2530,5082.73600000,488296.30226000,0
1681614000000,96.16000000,96.44000000,95.78000000,95.88000000,11780.54200000,1681617599999,1131918.95497000,2889,5553.86400000,533885.19573000,0
1681617600000,95.88000000,96.24000000,95.81000000,96.22000000,8172.23700000,1681621199999,784994.48626000,2268,3145.27700000,302177.15656000,0
1681621200000,96.21000000,96.28000000,95.89000000,96.12000000,10554.98300000,1681624799999,1014275.69161000,2194,4334.66200000,416774.48732000,0
1681624800000,96.13000000,96.26000000,96.02000000,96.04000000,6738.78600000,1681628399999,647798.30152000,1823,3153.84600000,303184.21810000,0
1681628400000,96.04000000,96.40000000,96.00000000,96.10000000,9257.34800000,1681631999999,889984.01871000,2032,3253.37900000,312911.86481000,0
1681632000000,96.10000000,96.20000000,96.00000000,96.12000000,17464.47800000,1681635599999,1677369.05126000,2221,4080.11600000,392009.06512000,0
1681635600000,96.12000000,98.60000000,95.87000000,96.86000000,123298.65400000,1681639199999,12032786.12339000,23978,64078.72100000,6252215.23629000,0
1681639200000,96.86000000,96.96000000,96.16000000,96.58000000,32270.13100000,1681642799999,3113331.41907000,5319,12398.24000000,1196143.67888000,0
1681642800000,96.58000000,96.92000000,96.31000000,96.54000000,14089.78800000,1681646399999,1361888.95767000,3475,6742.99200000,651797.23841000,0
1681646400000,96.55000000,97.96000000,96.51000000,97.71000000,30410.48700000,1681649999999,2958294.55269000,6537,16968.90700000,1650598.82347000,0
1681650000000,97.72000000,99.48000000,97.50000000,98.31000000,99875.05500000,1681653599999,9844525.76013000,20927,45703.50300000,4503538.17222000,0
1681653600000,98.30000000,98.72000000,97.82000000,98.60000000,31218.35900000,1681657199999,3068211.23729000,6429,16129.97600000,1586078.67266000,0
1681657200000,98.60000000,101.67000000,98.42000000,101.35000000,130327.86700000,1681660799999,13090794.64004000,29098,69889.58300000,7019306.23074000,0
1681660800000,101.34000000,102.18000000,99.57000000,101.77000000,105261.96500000,1681664399999,10632708.20132000,22926,49714.30700000,5025418.43972000,0
1681664400000,101.77000000,101.98000000,101.00000000,101.30000000,48685.05900000,1681667999999,4939571.28035000,9439,24915.25100000,2528484.00344000,0
1681668000000,101.29000000,101.81000000,101.07000000,101.44000000,26964.21000000,1681671599999,2733856.81251000,5055,10299.17600000,1044393.18579000,0
1681671600000,101.44000000,101.87000000,101.00000000,101.00000000,21332.77100000,1681675199999,2164041.92854000,5372,10373.38900000,1052446.50276000,0
1681675200000,101.00000000,101.48000000,100.13000000,101.22000000,33531.56700000,1681678799999,3383478.59778000,8206,14299.43500000,1442976.21743000,0
1681678800000,101.24000000,101.74000000,101.08000000,101.17000000,22947.78800000,1681682399999,2325052.88181000,4134,8736.49100000,885143.77318000,0
1681682400000,101.18000000,101.46000000,100.71000000,100.84000000,28146.25100000,1681685999999,2843164.84462000,5300,12053.11700000,1217671.72636000,0
1681686000000,100.83000000,101.06000000,99.92000000,100.01000000,35135.32200000,1681689599999,3527214.30795000,6031,13298.95700000,1335538.06932000,0
1681689600000,100.00000000,100.30000000,97.54000000,97.85000000,94082.58800000,1681693199999,9282109.37367000,19794,39670.76300000,3912866.77089000,0
1681693200000,97.84000000,99.24000000,97.32000000,99.06000000,62812.51100000,1681696799999,6190892.96356000,10405,29212.12100000,2879069.68201000,0
1681696800000,99.06000000,99.57000000,99.00000000,99.11000000,30618.05300000,1681700399999,3038672.91086000,5365,15410.18500000,1529223.99872000,0
1681700400000,99.10000000,99.17000000,98.70000000,98.76000000,18652.88100000,1681703999999,1844796.51706000,4192,11897.67900000,1176590.58133000,0
1681704000000,98.76000000,98.86000000,98.19000000,98.80000000,24436.81500000,1681707599999,2408816.00738000,5174,15830.65000000,1560328.77094000,0
1681707600000,98.79000000,99.20000000,98.78000000,99.17000000,17372.55600000,1681711199999,1720199.17662000,3731,7949.56800000,787180.93742000,0
1681711200000,99.18000000,99.29000000,98.31000000,98.37000000,17994.34800000,1681714799999,1776135.18208000,3998,7307.95600000,721343.78082000,0
1681714800000,98.38000000,99.78000000,98.10000000,99.14000000,46419.39600000,1681718399999,4594505.21137000,8242,28685.02600000,2838801.67920000,0
1681718400000,99.15000000,99.58000000,98.61000000,99.52000000,34453.54600000,1681721999999,3417853.40467000,6367,16045.95400000,1592149.78380000,0
1681722000000,99.51000000,99.57000000,98.70000000,98.74000000,25672.20600000,1681725599999,2546182.26115000,4522,10113.46800000,1002759.27773000,0
1681725600000,98.73000000,99.14000000,98.54000000,99.08000000,28667.66500000,1681729199999,2832292.21904000,4123,19638.09000000,1940647.49234000,0
1681729200000,99.06000000,99.12000000,97.68000000,98.37000000,57501.83500000,1681732799999,5646300.36779000,10887,25024.01400000,2456480.91455000,0
1681732800000,98.35000000,99.00000000,98.18000000,98.90000000,36770.73300000,1681736399999,3626894.18690000,6506,16026.83700000,1581317.76973000,0
1681736400000,98.90000000,99.40000000,98.00000000,98.97000000,44141.05400000,1681739999999,4356003.39833000,8793,18340.28400000,1810457.15075000,0
1681740000000,98.96000000,99.57000000,98.69000000,99.54000000,28829.02900000,1681743599999,2861291.59876000,5736,16355.82800000,1623650.41679000,0
1681743600000,99.54000000,99.59000000,98.79000000,99.21000000,27240.69200000,1681747199999,2704823.55548000,5861,14147.18700000,1405114.67983000,0
1681747200000,99.20000000,99.30000000,98.62000000,98.76000000,20826.19200000,1681750799999,2061725.45088000,4473,9034.30300000,894287.32758000,0
1681750800000,98.76000000,98.88000000,98.31000000,98.39000000,13001.70600000,1681754399999,1281755.18801000,3227,4462.82300000,440076.19867000,0
1681754400000,98.38000000,99.14000000,98.31000000,99.07000000,13277.67900000,1681757999999,1311209.86004000,3720,7930.46500000,783215.52090000,0
1681758000000,99.08000000,99.16000000,98.65000000,98.87000000,9939.05100000,1681761599999,983548.68524000,2730,4231.65600000,418775.03526000,0
1681761600000,98.87000000,98.95000000,98.34000000,98.34000000,8392.87700000,1681765199999,827133.20493000,2393,3585.04200000,353388.55829000,0
1681765200000,98.36000000,98.58000000,98.00000000,98.46000000,13500.70800000,1681768799999,1326545.86853000,3523,5858.52900000,575939.32929000,0
1681768800000,98.46000000,98.94000000,98.44000000,98.80000000,11736.59500000,1681772399999,1158818.18450000,2464,5268.03000000,520309.97022000,0
1681772400000,98.84000000,98.90000000,98.35000000,98.84000000,6611.44100000,1681775999999,652442.75704000,2306,3760.12700000,371125.79195000,0
1681776000000,98.88000000,99.46000000,98.74000000,98.76000000,17459.61000000,1681779599999,1729140.00974000,4176,9446.61700000,935556.94701000,0
1681779600000,98.76000000,99.54000000,97.60000000,99.41000000,46196.45900000,1681783199999,4557014.16270000,9072,22346.56700000,2205372.84167000,0
1681783200000,99.41000000,102.08000000,99.29000000,101.99000000,83789.47800000,1681786799999,8456126.11620000,21579,43409.83800000,4378165.46852000,0
1681786800000,101.99000000,102.43000000,101.08000000,101.86000000,48799.99100000,1681790399999,4966068.08834000,11669,24104.04200000,2453218.47462000,0
1681790400000,101.87000000,102.96000000,101.51000000,101.89000000,62452.79800000,1681793999999,6386601.17892000,13605,29579.61400000,3024336.88232000,0
1681794000000,101.89000000,102.25000000,101.44000000,101.66000000,29901.77300000,1681797599999,3047635.10470000,6467,13073.53500000,1332807.81371000,0
1681797600000,101.66000000,102.23000000,101.48000000,101.83000000,18473.32600000,1681801199999,1882713.95401000,4515,8228.37800000,838641.90905000,0
1681801200000,101.82000000,102.04000000,101.15000000,101.71000000,36343.92400000,1681804799999,3691861.60499000,5782,14219.48800000,1445023.80541000,0
1681804800000,101.71000000,103.35000000,101.63000000,102.28000000,66425.50100000,1681808399999,6789446.80480000,11146,35891.09400000,3668345.39123000,0
1681808400000,102.29000000,102.49000000,101.92000000,102.30000000,42815.66900000,1681811999999,4373711.67563000,6820,20310.87800000,2074493.97740000,0
1681812000000,102.30000000,102.40000000,101.74000000,101.93000000,18930.43000000,1681815599999,1931279.50130000,4332,8689.21100000,886890.01402000,0
1681815600000,101.92000000,103.44000000,101.78000000,103.05000000,58159.10500000,1681819199999,5969238.50264000,9936,26217.08200000,2690911.01023000,0
1681819200000,103.06000000,103.10000000,101.41000000,101.56000000,59680.94200000,1681822799999,6096564.05052000,9592,26497.15900000,2706676.14287000,0
1681822800000,101.55000000,101.95000000,101.42000000,101.50000000,26522.25600000,1681826399999,2696414.72354000,5857,12400.03300000,1261113.28835000,0
1681826400000,101.48000000,101.83000000,100.72000000,101.59000000,42770.24100000,1681829999999,4336247.96485000,10450,28176.03400000,2857994.02828000,0
1681830000000,101.58000000,101.72000000,100.80000000,101.16000000,36036.51100000,1681833599999,3651005.24788000,5903,20187.91100000,2045704.15870000,0
1681833600000,101.17000000,101.42000000,101.02000000,101.32000000,13268.77600000,1681837199999,1343443.76083000,3532,5838.96300000,591213.02119000,0
1681837200000,101.32000000,101.64000000,100.55000000,100.62000000,16046.46000000,1681840799999,1620418.78446000,5001,7108.87700000,717915.71743000,0
1681840800000,100.61000000,101.04000000,100.14000000,100.48000000,24298.91000000,1681844399999,2443251.12483000,6530,11085.04100000,1114846.60081000,0
1681844400000,100.48000000,101.18000000,100.38000000,100.73000000,15853.87900000,1681847999999,1599143.36358000,3919,8760.53400000,883627.82099000,0
1681848000000,100.73000000,101.50000000,100.45000000,101.36000000,12164.86400000,1681851599999,1228448.96115000,3380,6509.53500000,657226.47019000,0
1681851600000,101.36000000,101.57000000,101.03000000,101.49000000,9556.30300000,1681855199999,968360.75190000,2734,5743.40900000,581965.20767000,0
1681855200000,101.49000000,101.58000000,101.02000000,101.39000000,10226.81400000,1681858799999,1035871.59181000,2600,3848.35500000,389781.63896000,0
1681858800000,101.39000000,101.99000000,101.20000000,101.95000000,21402.02500000,1681862399999,2175535.27177000,4379,11207.57000000,1139752.86880000,0
1681862400000,101.93000000,101.93000000,101.18000000,101.47000000,16496.99700000,1681865999999,1674272.30798000,3459,5957.75000000,604786.95775000,0
1681866000000,101.48000000,101.54000000,101.15000000,101.27000000,8270.00700000,1681869599999,837888.42051000,2642,3801.64500000,385202.99101000,0
1681869600000,101.26000000,101.31000000,100.87000000,101.09000000,14224.95700000,1681873199999,1437848.19778000,3229,6527.84500000,659854.23385000,0
1681873200000,101.09000000,101.12000000,100.55000000,100.78000000,14620.57400000,1681876799999,1474030.66524000,3255,5534.57900000,557973.29525000,0
1681876800000,100.78000000,101.88000000,100.46000000,101.34000000,23835.57800000,1681880399999,2411964.30068000,5112,12036.17700000,1218582.50788000,0
1681880400000,101.34000000,101.69000000,101.28000000,101.40000000,12645.39700000,1681883999999,1282894.94537000,2786,5932.18200000,601891.44329000,0
1681884000000,101.40000000,101.49000000,100.36000000,100.45000000,27515.12100000,1681887599999,2772955.28695000,5380,14708.53800000,1481151.78675000,0
1681887600000,100.46000000,100.66000000,99.65000000,99.93000000,34364.96700000,1681891199999,3436903.47286000,7727,16955.87000000,1695710.45262000,0
1681891200000,99.93000000,100.47000000,93.65000000,95.00000000,291848.21100000,1681894799999,28117049.43703000,56749,138826.79600000,13360518.58253000,0
1681894800000,94.99000000,95.74000000,94.93000000,95.20000000,52043.69900000,1681898399999,4962193.77402000,12029,28418.56400000,2709252.89014000,0
1681898400000,95.19000000,95.69000000,95.11000000,95.40000000,36305.83900000,1681901999999,3463889.24662000,8256,18891.96600000,1802357.42883000,0
1681902000000,95.39000000,95.91000000,95.24000000,95.46000000,32155.82900000,1681905599999,3069386.59164000,9380,18434.42200000,1759514.55675000,0
1681905600000,95.47000000,95.47000000,95.00000000,95.30000000,36029.21400000,1681909199999,3430694.96225000,6616,15628.86900000,1488496.10599000,0
1681909200000,95.30000000,95.35000000,94.70000000,95.31000000,36089.81600000,1681912799999,3431475.41823000,7151,16486.12000000,1567627.99016000,0
1681912800000,95.32000000,95.64000000,94.79000000,95.10000000,77423.86400000,1681916399999,7372784.15605000,13232,41855.95100000,3983611.12352000,0
1681916400000,95.10000000,95.30000000,94.14000000,94.23000000,78636.61800000,1681919999999,7451017.33023000,16506,41154.49200000,3900175.44217000,0
1681920000000,94.22000000,94.54000000,93.83000000,94.49000000,30811.40600000,1681923599999,2903154.68152000,6702,16852.76000000,1587935.85329000,0
